Company,URL
virtualbraintech,https://www.virtualbraintech.com
dasisim,https://dasisim.ai/
ebenbuild,https://ebenbuild.com/
virtonomy,https://www.virtonomy.io
osora,https://osora.de
twinsight,https://twinsight-medical.com/services-en/
mytwin,https://mytwin.care/en
coredio,https://www.coredio-ai.com
ventcreativity,https://www.ventcreativity.com
novasign,https://novasign.at
edith,https://www.edith-csa.eu
avatarsuisse,https://avatarsuisse.com/en/
skairos,https://skairos.io
mantislabs,https://mantislabs.com/
insilicare,https://insilicare.com
nuraxi,https://nuraxi.ai
integratome,https://integratome.com
vanheronlabs,https://vanheronlabs.com
xbxbio,https://www.xbxbio.com
biafo,https://www.biafo.ai
twynova,https://twynova.com
removirt,https://www.removirt.es/en/
eonflow,https://eonflow.bio/en/
avatarsbio,https://avatarsbio.com
geodaisics,https://geodaisics.com/
fulcrumneuro,https://www.fulcrumneuro.com
neuroteg,https://neuroteg.com
theranetrix,https://theranetrix.com
mydigitaltwin,https://www.mydigitaltwin.at
lxr,https://l-x-r.com
NetTargets,https://www.net-targets.com
InSilicoMinds,https://insilicominds.com
corcillum,https://www.corcillum.com.au
homox,https://homox.io
